# bundles	slug	category	filename	url	output_prefix	notes
starter,full	flux-schnell	text-to-image	flux_schnell.json	https://raw.githubusercontent.com/Comfy-Org/workflow_templates/main/templates/flux_schnell.json	text-to-image/flux-schnell	Fast FLUX.1 Schnell text-to-image starter workflow.
full	flux-krea	text-to-image	flux1_krea_dev.json	https://raw.githubusercontent.com/Comfy-Org/workflow_templates/main/templates/flux1_krea_dev.json	text-to-image/flux-krea	FLUX.1 Krea Dev text-to-image workflow.
starter,full	qwen-image	text-to-image	image_qwen_image.json	https://raw.githubusercontent.com/Comfy-Org/workflow_templates/main/templates/image_qwen_image.json	text-to-image/qwen-image	Qwen Image text-to-image workflow.
starter,full	flux-kontext	image-edit	flux_kontext_dev_basic.json	https://raw.githubusercontent.com/Comfy-Org/workflow_templates/main/templates/flux_kontext_dev_basic.json	image-edit/flux-kontext	FLUX.1 Kontext image editing workflow.
starter,full	qwen-image-edit	image-edit	image_qwen_image_edit.json	https://raw.githubusercontent.com/Comfy-Org/workflow_templates/main/templates/image_qwen_image_edit.json	image-edit/qwen-image-edit	Qwen Image Edit workflow.
full	qwen-image-edit-2511	image-edit	image_qwen_image_edit_2511.json	https://raw.githubusercontent.com/Comfy-Org/workflow_templates/main/templates/image_qwen_image_edit_2511.json	image-edit/qwen-image-edit-2511	Newer Qwen Image Edit 2511 workflow.
full	uso-reference	style-transfer	flux1_dev_uso_reference_image_gen.json	https://raw.githubusercontent.com/Comfy-Org/workflow_templates/main/templates/flux1_dev_uso_reference_image_gen.json	style-transfer/uso-reference	USO reference image generation for subject/style reference workflows.
starter,full	wan22-5b	text-to-video	video_wan2_2_5B_ti2v.json	https://raw.githubusercontent.com/Comfy-Org/workflow_templates/main/templates/video_wan2_2_5B_ti2v.json	text-to-video/wan22-5b	Wan2.2 5B text/image-to-video starter workflow.
full	wan22-14b-t2v	text-to-video	video_wan2_2_14B_t2v.json	https://raw.githubusercontent.com/Comfy-Org/workflow_templates/main/templates/video_wan2_2_14B_t2v.json	text-to-video/wan22-14b-t2v	Wan2.2 14B text-to-video workflow.
full	wan22-14b-i2v	text-to-video	video_wan2_2_14B_i2v.json	https://raw.githubusercontent.com/Comfy-Org/workflow_templates/main/templates/video_wan2_2_14B_i2v.json	text-to-video/wan22-14b-i2v	Wan2.2 14B image-to-video workflow.
full	wan22-14b-flf2v	text-to-video	video_wan2_2_14B_flf2v.json	https://raw.githubusercontent.com/Comfy-Org/workflow_templates/main/templates/video_wan2_2_14B_flf2v.json	text-to-video/wan22-14b-flf2v	Wan2.2 14B first/last-frame video workflow.
video-advanced,full	wan22-remix-t2v-dynamic	text-to-video	Wan2.2-Remix-T2V-v2.0+text-to-video+workflow.json	local:workflows/text-to-video/Wan2.2-Remix-T2V-v2.0+text-to-video+workflow.json	text-to-video/wan22-remix-t2v-dynamic	Wan2.2 Remix T2V dynamic short-video workflow.
starter,full	ace-step-song	audio	audio_ace_step_1_t2a_song.json	https://raw.githubusercontent.com/Comfy-Org/workflow_templates/main/templates/audio_ace_step_1_t2a_song.json	audio/ace-step-song	ACE-Step text-to-song workflow.
full	ace-step-edit	audio	audio_ace_step_1_m2m_editing.json	https://raw.githubusercontent.com/Comfy-Org/workflow_templates/main/templates/audio_ace_step_1_m2m_editing.json	audio/ace-step-edit	ACE-Step music-to-music editing workflow.
portrait,character,reddit,full	character-sheet	character	templates-character_sheet.json	https://raw.githubusercontent.com/Comfy-Org/workflow_templates/main/templates/templates-character_sheet.json	character/character-sheet	Character sheet workflow for consistent adult characters and LoRA/dataset prep.
portrait,character,reddit,full	character-angles	character	templates-1_click_multiple_character_angles-v1.0.json	https://raw.githubusercontent.com/Comfy-Org/workflow_templates/main/templates/templates-1_click_multiple_character_angles-v1.0.json	character/character-angles	One-click multiple character angles workflow for consistency references.
portrait,character,reddit,full	qwen-multiangle	character	templates-qwen_multiangle.app.json	https://raw.githubusercontent.com/Comfy-Org/workflow_templates/main/templates/templates-qwen_multiangle.app.json	character/qwen-multiangle	Qwen multi-angle character/reference workflow.
anime,illustration,reddit,full	qwen-illustration-lora	text-to-image	template_qwen_image_illustration_lora.json	https://raw.githubusercontent.com/Comfy-Org/workflow_templates/main/templates/template_qwen_image_illustration_lora.json	text-to-image/qwen-illustration-lora	Qwen illustration/2D style workflow with LoRA support.
anime,illustration,reddit,full	color-illustration	text-to-image	templates-color_illustration.json	https://raw.githubusercontent.com/Comfy-Org/workflow_templates/main/templates/templates-color_illustration.json	text-to-image/color-illustration	Color illustration workflow for anime/illustrative outputs.
portrait,realistic,reddit,full	flux2-klein-t2i	text-to-image	image_flux2_klein_text_to_image.json	https://raw.githubusercontent.com/Comfy-Org/workflow_templates/main/templates/image_flux2_klein_text_to_image.json	text-to-image/flux2-klein	Flux2 Klein text-to-image workflow for realistic/editorial portraits.
portrait,realistic,reddit,full	flux2-klein-edit	image-edit	image_flux2_klein_image_edit_9b_distilled.json	https://raw.githubusercontent.com/Comfy-Org/workflow_templates/main/templates/image_flux2_klein_image_edit_9b_distilled.json	image-edit/flux2-klein-edit	Flux2 Klein image edit workflow for reference-preserving edits.
portrait,realistic,reddit,full	portrait-relighting	image-edit	template_character_portrait_relighting.json	https://raw.githubusercontent.com/Comfy-Org/workflow_templates/main/templates/template_character_portrait_relighting.json	image-edit/portrait-relighting	Character portrait relighting workflow.
portrait,realistic,reddit,full	portrait-light-migration	image-edit	templates_rob_portrait_light_migration.app.json	https://raw.githubusercontent.com/Comfy-Org/workflow_templates/main/templates/templates_rob_portrait_light_migration.app.json	image-edit/portrait-light-migration	Portrait light migration workflow for consistent lighting transfer.
video-advanced,character,reddit,full	wan22-character-replace	text-to-video	template_purz_wan22_animate_auto_character_replace.json	https://raw.githubusercontent.com/Comfy-Org/workflow_templates/main/templates/template_purz_wan22_animate_auto_character_replace.json	text-to-video/wan22-character-replace	Wan2.2 animate/character replacement workflow.
video-advanced,character,reddit,full	qwen-multi-wan22	text-to-video	template_rob_split_stack_qwen_multi_wan22.json	https://raw.githubusercontent.com/Comfy-Org/workflow_templates/main/templates/template_rob_split_stack_qwen_multi_wan22.json	text-to-video/qwen-multi-wan22	Qwen multi-image plus Wan2.2 video workflow.
video-advanced,reddit,full	wan-ati-motion	text-to-video	templates_rob_wan_ati_motion_control.json	https://raw.githubusercontent.com/Comfy-Org/workflow_templates/main/templates/templates_rob_wan_ati_motion_control.json	text-to-video/wan-ati-motion	Wan ATI motion-control workflow.
video-advanced,reddit,full	wan-trajectory-control	text-to-video	template-Animation_Trajectory_Control_Wan_ATI.json	https://raw.githubusercontent.com/Comfy-Org/workflow_templates/main/templates/template-Animation_Trajectory_Control_Wan_ATI.json	text-to-video/wan-trajectory-control	Wan trajectory-control animation workflow.
video-advanced,style-transfer,reddit,full	video-restyle	style-transfer	templates_shane_video_restyle.json	https://raw.githubusercontent.com/Comfy-Org/workflow_templates/main/templates/templates_shane_video_restyle.json	style-transfer/video-restyle	Video restyle workflow.
video-advanced,portrait,reddit,full	liveportrait	text-to-video	templates_liveportrait.app.json	https://raw.githubusercontent.com/Comfy-Org/workflow_templates/main/templates/templates_liveportrait.app.json	text-to-video/liveportrait	LivePortrait workflow for portrait animation.
audio,reddit,full	ace-step15-turbo	audio	audio_ace_step1_5_xl_turbo.json	https://raw.githubusercontent.com/Comfy-Org/workflow_templates/main/templates/audio_ace_step1_5_xl_turbo.json	audio/ace-step15-turbo	ACE-Step 1.5 XL/Turbo music workflow.
audio,utility,reddit,full	audio-separation	audio	audio_melbandroformer_audio_separation.json	https://raw.githubusercontent.com/Comfy-Org/workflow_templates/main/templates/audio_melbandroformer_audio_separation.json	audio/audio-separation	Audio stem-separation workflow.
identity-consent,community	fayens-iswap	image-edit	fayens_iSwap.json	https://raw.githubusercontent.com/iFayens/ComfyUI-Fayens/main/nodes/workflows/iSwap%20-%20Git.json	image-edit/identity-consent/fayens-iswap	Consent-only identity-transfer workflow; requires ComfyUI-Fayens custom node.
identity-consent,community	fayens-avatar	image-edit	fayens_iVatar.json	https://raw.githubusercontent.com/iFayens/ComfyUI-Fayens/main/nodes/workflows/iVatar%20-%20Git.json	image-edit/identity-consent/fayens-avatar	Consent-only avatar/reference workflow; requires ComfyUI-Fayens custom node.
